{"cameraMode":{"drawMode":0,"name":"Shaded","section":"Shading Mode"},"sceneLighting":true,"audioPlay":false,"sceneViewState":{"showFog":true,"showMaterialUpdate":false,"showSkybox":true,"showFlares":true,"showImageEffects":true,"showParticleSystems":true},"in2DMode":false,"pivot":{"x":-7.996494770050049,"y":1.56160306930542,"z":-13.385904312133789},"rotation":{"x":0.03795749321579933,"y":-0.14932817220687867,"z":0.005736726336181164,"w":0.9880428910255432},"size":16.293319702148439,"orthographic":false}